,weights
M,0.0036506527
T,0.0035551027
K,0.0035390805
S,0.0035987343
T,0.0035950497
P,0.0036096466
R,0.0036300842
Y,0.0036363385
H,0.0036330682
V,0.003617401
S,0.0036229745
E,0.0036172327
N,0.0035987361
Y,0.0035784282
S,0.0035949063
S,0.0035934746
N,0.0035680905
P,0.0035449173
M,0.0035404656
R,0.0035475045
A,0.0035363336
I,0.0035427143
A,0.0035347969
S,0.0035563353
L,0.003577705
L,0.0035749264
V,0.0035779416
A,0.0035737013
C,0.0035939268
M,0.0036015797
L,0.0038543832
L,0.003791425
G,0.0037438483
A,0.0046750223
C,0.0036565126
G,0.003971865
P,0.0036714405
Q,0.003660746
Q,0.0037746362
Q,0.004372635
E,0.0037432448
A,0.0038161804
T,0.004027082
A,0.003751881
P,0.00417846
P,0.0038724232
T,0.0038421408
V,0.0037572652
P,0.0038005612
V,0.0037345444
R,0.003767734
P,0.0039728615
A,0.0037099253
P,0.0036898546
S,0.003694366
K,0.003667673
P,0.0036612456
F,0.003651616
F,0.0036540024
N,0.0036550157
D,0.003661858
R,0.0036678861
T,0.0036846139
I,0.0037040997
L,0.0037218141
Q,0.0037475794
V,0.0037783638
H,0.0037814658
A,0.0037764218
G,0.0037668229
R,0.003763125
F,0.0042667235
T,0.0037235662
A,0.0037113887
I,0.0036936998
E,0.0037140525
R,0.003681407
Q,0.0036626854
I,0.0036840222
E,0.0036914195
G,0.003646131
L,0.0036432159
A,0.003720671
D,0.0036453526
V,0.003618424
G,0.0036201128
F,0.0036179852
N,0.0036108575
H,0.0036397274
V,0.003647911
I,0.0036660382
T,0.0036822832
T,0.0036958356
P,0.003730582
I,0.003751859
H,0.0037570738
E,0.0037785624
Q,0.0037778236
G,0.003750017
A,0.0037410264
A,0.0037194877
N,0.0037118897
G,0.00370243
A,0.0036822588
G,0.00368077
V,0.003678097
G,0.0036669127
G,0.003687334
S,0.003678104
A,0.003669932
I,0.003673879
D,0.0036748797
P,0.0036964447
N,0.0037126788
H,0.0037142981
W,0.003716309
S,0.00371245
V,0.003710588
Y,0.0037003788
E,0.003680408
P,0.003681715
R,0.0036701206
N,0.0036851573
M,0.0036791184
R,0.0036819968
I,0.003694722
A,0.003700146
G,0.003706585
R,0.0037077125
L,0.003689807
G,0.003675063
D,0.003667276
R,0.003701422
A,0.0036244367
A,0.0036185223
F,0.0036129295
K,0.003616403
H,0.003619447
M,0.0036323897
V,0.0036300116
D,0.0036337816
A,0.003639055
C,0.0036320116
H,0.0036549163
A,0.0036035292
A,0.003578997
G,0.0035837486
V,0.0035682793
K,0.0035683555
V,0.003583147
V,0.0035821344
A,0.0035922886
D,0.0036033257
A,0.0036171365
V,0.0036408056
I,0.0036512301
N,0.003681741
Q,0.0037190164
M,0.0037557643
S,0.003773688
A,0.0038025342
G,0.0037703
S,0.0037790495
G,0.0037649493
T,0.0037427917
G,0.0037277988
T,0.0037192095
G,0.0036903364
G,0.0037007716
S,0.0037026193
S,0.0037113049
Y,0.0036984112
T,0.003699803
K,0.0037113193
Y,0.0037103589
D,0.0037227191
Y,0.0037148588
P,0.003688823
G,0.0037101104
I,0.0037252593
Y,0.0037285525
Q,0.0037462942
R,0.0037528449
Q,0.0037597895
D,0.0037801557
M,0.003780483
D,0.00378516
D,0.0038097128
C,0.003811561
T,0.0038029298
E,0.0037763573
R,0.003765767
I,0.0037637714
T,0.0037606214
D,0.0037631113
Y,0.003758099
R,0.0037480823
D,0.0037783277
R,0.0037587285
W,0.0037507669
N,0.0037470255
V,0.0037600386
Q,0.0037800926
H,0.0038045845
C,0.0037918543
E,0.0037862193
L,0.0037998918
V,0.00375569
D,0.0037600189
L,0.0037563858
A,0.0037156392
D,0.0037408187
L,0.0037492625
D,0.003743228
T,0.003773886
G,0.0037750602
E,0.0037971134
P,0.0037974224
Y,0.0037887576
V,0.0037860605
R,0.0037768327
S,0.0037621427
R,0.0037680753
I,0.00375897
A,0.003723412
A,0.003726714
Y,0.0037236703
L,0.0036815826
N,0.0036705132
D,0.0036579303
L,0.0036590646
L,0.003666039
S,0.0036132517
L,0.003578884
G,0.0035698835
V,0.0035654171
D,0.0035337121
G,0.0035391096
F,0.0035485167
R,0.0035481341
I,0.003563942
D,0.0035798643
A,0.0036157686
A,0.0036379318
K,0.0036817188
H,0.0037313837
M,0.0037575644
A,0.0037764492
A,0.0037819545
E,0.0037588074
D,0.0037718795
L,0.00376281
A,0.0037364203
A,0.0037348357
I,0.003735473
Y,0.0037272633
A,0.00369929
N,0.0036950696
A,0.0036810867
K,0.0037873606
S,0.0036452238
I,0.0036289687
R,0.00362482
P,0.00362469
D,0.0036154098
V,0.0036372016
Y,0.0036799083
I,0.0037153568
I,0.003743013
G,0.003698752
